mirnaid,refseqid,genesymbol,duplex,start,end,bindingp,energy,seed,accessibility,au,phylopstem,phylopflank,me,number_of_pairings,binding_region_length,longest_consecutive_pairings,position,validated,TargetScan,miRDB
hsa-miR-126-5p,NM_001205228,SORT1,CATTATTACTTTTGGTACGCG#GTGTACATGGTAATGATT#.(((((((((....((((((.#))))))..))))))))).,6194,6212,0.9538461538461539,-15.8,1,0.003515628,0.691,3.578325222222222,3.601093035,-12.110873152550473,15,18,9,3UTR,,0,0
hsa-miR-126-5p,NM_022041,GAN,CATTATTACTTTTGGTACGCG#TGTGGTCCAAAGGTACTAGTT#.((((.(((((((((..((((#))))..))))))))).)))).,14638,14659,0.9615384615384616,-17.1,0,0.01620159,0.618,0.6685453555555554,0.5073537662500001,-5.927332678853777,17,21,9,3UTR,,0,0
hsa-miR-126-5p,NM_024761,MOB3B,CATTATTACTTTTGGTACGCG#GTGTATTTTAAAGTAATAATGA#((((((((((((.(((((((.#)))))))..)))))))))))).,2523,2545,0.9615384615384616,-19.8,1,0.06690038,0.809,0.254411675,-0.06448875124999998,-5.226705058867908,19,22,12,3UTR,,0,0
hsa-miR-126-5p,NM_012158,FBXL3,CATTATTACTTTTGGTACGCG#TGCTTTCCAAAAGTGATGATA#.((((((((((((((...(((#)))...)))))))))))))).,3121,3142,0.9615384615384616,-18.3,1,0.0674728,0.676,2.0811250214285715,1.7369620650000002,-4.026373917660731,17,21,14,3UTR,,0,0
hsa-miR-126-5p,NM_012404,ANP32D,CATTATTACTTTTGGTACGCG#GTGTACTGGGGGTTGTGAG#..((((.(((((((((((((.#))))))))))))).)))).,992,1011,0.9615384615384616,-16.9,0,0.1358553,0.426,0.7617273076923078,0.8674757562500002,-6.5006872542436085,17,19,13,3UTR,,0,0
hsa-miR-126-5p,NM_001134672,FAM204A,CATTATTACTTTTGGTACGCG#GTGATACTAGAAGTAATTATGA#(((.((((((((((((((((.#))).))))))))))))).))).,5738,5760,0.9615384615384616,-19.5,0,0.1544905,0.691,0.028363470588235268,0.030971174999999986,-6.969596721160855,19,22,13,3UTR,,0,0
hsa-miR-126-5p,NM_000182,HADHA,CATTATTACTTTTGGTACGCG#GTGGCCAGGGGTGGTGAG#..((((((((((((((.(((.#))))))))))))))))).,2635,2653,0.9743589743589745,-18.5,1,8.897262e-07,0.397,4.203976071428572,4.7081596875,-4.95700071937229,17,18,17,3UTR,,0,0
hsa-miR-126-5p,NM_001348768,HECW2,CATTATTACTTTTGGTACGCG#TGCACTGAATGTACCAAAGGTGAA#.....((((((((((((((..#.)))))))))))))).,5767,5791,1.0,-17.8,0,0.0009756345,0.632,1.6322312142857147,2.0435443687500006,-13.6655996434504,14,16,14,3UTR,,0,1
hsa-miR-126-5p,NM_001360057,EPM2A,CATTATTACTTTTGGTACGCG#CTAAAAATAACTAGAGGTAATAATT#.(((((((((((((((.....#.))))))))))))))).,2554,2579,1.0,-15.2,1,0.04315778,0.647,4.0697962,2.82870383375,-3.793324837357118,15,17,15,3UTR,,0,0
hsa-miR-126-5p,NM_001363612,TDG,CATTATTACTTTTGGTACGCG#GTGTGCCATGGAAAGTGATAAG#..((((((((((((((((((.#))))))))...)))))))))).,2052,2074,1.0,-20.4,1,0.0001199779,0.618,0.0,0.0,-4.95700071937229,18,22,10,3UTR,,0,0
hsa-miR-126-5p,NM_001363748,EPHA4,CATTATTACTTTTGGTACGCG#GTGTGCCATTGCAGTGATAT#...(((((((..((((((((.#))))))))....))))))).,4358,4378,1.0,-17.9,0,0.02570526,0.706,0.0,0.0,-12.686117978685445,15,20,8,3UTR,,0,0
hsa-miR-126-5p,NM_001365770,L3MBTL4,CATTATTACTTTTGGTACGCG#GCCTCCACAAAGGAGAGTAGCCAGGAGTAATGAG#..((((((((((((((.....#.)))))))))))))).,2666,2700,1.0,-16.9,1,0.0852905,0.441,0.0,0.0,-4.95700071937229,14,16,14,3UTR,,0,0
hsa-miR-126-5p,NM_001366935,PTAR1,CATTATTACTTTTGGTACGCG#GCGTCTTAAGAGTGGTAATGG#(((((((((((((((.((((.#)))).))))))))))))))).,7919,7940,1.0,-21.9,1,0.05900204,0.676,0.0,0.0,-4.1706235265052785,19,21,15,3UTR,,0,0
hsa-miR-126-5p,NM_001367286,PGM3,CATTATTACTTTTGGTACGCG#TGTGTGCCAAAAGG#........(((((((((((((#))))))))))))).,4756,4770,1.0,-18.2,0,0.0003341828,0.574,0.0,0.0,-19.423879868695398,13,14,13,3UTR,MIRT547145,0,0
hsa-miR-126-5p,NM_001367287,PGM3,CATTATTACTTTTGGTACGCG#TGTGTGCCAAAAGG#........(((((((((((((#))))))))))))).,5016,5030,1.0,-18.2,0,0.0003341828,0.574,0.0,0.0,-19.423879868695398,13,14,13,3UTR,MIRT547145,0,0
hsa-miR-126-5p,NM_001369481,NFIB,CATTATTACTTTTGGTACGCG#CGCATACCAAAAGTAG#......(((((((((((.(((#))).))))))))))).,1283,1299,1.0,-18.2,0,0.0907739,0.618,0.0,0.0,-15.566558404643448,14,16,11,3UTR,,0,1
hsa-miR-126-5p,XM_047415907,TBC1D19,CATTATTACTTTTGGTACGCG#GTGTACCTGAAAGTGATGGG#..((((((((((((((((((.#))))))).))))))))))).,6880,6900,1.0,-20.5,1,0.006087844,0.544,0.0,0.0,-4.95700071937229,18,20,11,3UTR,,0,1
hsa-miR-126-5p,XM_047416358,INPP4B,CATTATTACTTTTGGTACGCG#GTGTACCAAGAGA#........((((((((((((.#)))))))))))).,6253,6266,1.0,-18.6,0,0.0009183138,0.544,0.0,0.0,-19.423879868695398,12,13,12,3UTR,,0,0
hsa-miR-126-5p,XM_047429486,TDG,CATTATTACTTTTGGTACGCG#GTGTGCCATGGAAAGTGATAAG#..((((((((((((((((((.#))))))))...)))))))))).,2680,2702,1.0,-20.4,1,0.0001199779,0.618,0.0,0.0,-4.95700071937229,18,22,10,3UTR,,0,0
hsa-miR-126-5p,XM_047443869,LCLAT1,CATTATTACTTTTGGTACGCG#GTGAGCCAAGAGGGAATGATGG#(((((((.((((((((.(((.#))).))))))))..))))))).,10047,10069,1.0,-19.6,1,0.0427759,0.559,0.0,0.0,-6.251209375382295,18,22,8,3UTR,,0,0
hsa-miR-126-5p,NM_152779,GLIPR1L1,CATTATTACTTTTGGTACGCG#TGTGTATCAAAAGTGT#......(((((((((((((((#))))))))))))))).,981,997,1.0,-17.3,0,0.03632064,0.75,0.19487238000000004,0.03179448750000002,-15.566558404643448,15,16,15,3UTR,,0,0
hsa-miR-126-5p,NM_152860,SP7,CATTATTACTTTTGGTACGCG#TGCCCCCAGGCCTGTATATTTAACCCCTATGTACCAGGAGTAATGAA#..(((((((((((((((((..#.))))))))))))))))).,2032,2079,1.0,-21.1,1,0.0009124985,0.691,2.8058115294117645,1.2435253000000004,-4.95700071937229,17,19,17,3UTR,,0,0
hsa-miR-126-5p,NM_181673,OGT,CATTATTACTTTTGGTACGCG#GTGTTTTACCCTTGACTGCCCCTTCTATGCTGCTTCCAAAAGTGATAGTGT#(((((((((((((((...(((#.)))..))))))))))))))).,4186,4237,1.0,-19.8,1,0.00435727,0.603,0.8736454066666666,1.4937623647499998,-4.1706235265052785,18,22,15,3UTR,,0,1
hsa-miR-126-5p,NM_198715,PTGER3,CATTATTACTTTTGGTACGCG#TGGTCTTAGAAGCATAGAAAATCCCTATGTGCCAAAAGTAGTGAA#..(((((((((((((((((..#.))))))))))))))))).,1534,1579,1.0,-21.4,1,0.01532334,0.706,2.1056771529411766,1.4426315849999995,-4.95700071937229,17,19,17,3UTR,,0,0
hsa-miR-126-5p,NM_001387546,ADGRL3,CATTATTACTTTTGGTACGCG#CGGCCAAATGTGGTGATGC#(((((((((.((((((.((..#)))))))).))))))))).,5989,6008,1.0,-16.3,1,0.0001309858,0.471,0.0,0.0,-5.180080914529843,17,19,9,3UTR,,0,0
hsa-miR-126-5p,NM_001387549,ADGRL3,CATTATTACTTTTGGTACGCG#CGGCCAAATGTGGTGATGC#(((((((((.((((((.((..#)))))))).))))))))).,5833,5852,1.0,-16.3,1,0.0001309858,0.471,0.0,0.0,-5.180080914529843,17,19,9,3UTR,,0,0
hsa-miR-126-5p,NM_001400360,SSBP2,CATTATTACTTTTGGTACGCG#GTACTAAGAGTAGTT#....((((((((((((((...#)))))))))))))).,5252,5267,1.0,-16.8,0,0.007714204,0.706,0.0,0.0,-9.546562468637928,14,15,14,3UTR,,0,0
hsa-miR-126-5p,NM_001400363,SSBP2,CATTATTACTTTTGGTACGCG#GTACTAAGAGTAGTT#....((((((((((((((...#)))))))))))))).,5184,5199,1.0,-16.8,0,0.007714204,0.706,0.0,0.0,-9.546562468637928,14,15,14,3UTR,,0,0
hsa-miR-126-5p,NM_014600,EHD3,CATTATTACTTTTGGTACGCG#TGCGTACCAGGAGC#........(((((((((((((#))))))))))))).,2880,2894,1.0,-19.3,0,9.770491e-06,0.544,-0.15929907692307693,-0.284661227375,-19.423879868695398,13,14,13,3UTR,,0,0
hsa-miR-126-5p,NM_015314,KIAA0895,CATTATTACTTTTGGTACGCG#GTGAACCAAAAGTAGTT#....((((((((((((.(((.#))).)))))))))))).,3757,3774,1.0,-18.2,0,0.03209377,0.721,1.4063594833333335,1.2034418650000003,-9.546562468637928,15,17,12,3UTR,,0,0
hsa-miR-126-5p,NM_016551,TM7SF3,CATTATTACTTTTGGTACGCG#GTGTACTAGGGGATTAGGATGA#((((....((((((((((((.#)))))))))))).....)))).,2077,2099,1.0,-16.7,0,0.03776358,0.647,-0.4491824166666667,0.07144391500000002,-13.814891846259133,16,22,12,3UTR,,0,0
hsa-miR-126-5p,NM_017514,PLXNA3,CATTATTACTTTTGGTACGCG#TGCCAGCTCCAGCCGTCCAGCTGTGGGGCCACGGTGCCAGACAGTGGTGGTGG#((((((((((((((((((.((#.)))))))))).)))))))))).,8592,8645,1.0,-21.9,1,0.0001173194,0.441,0.35203860000000003,-0.037893397999999995,-3.937574446201665,20,23,10,3UTR,,0,0
hsa-miR-126-5p,NM_017525,CDC42BPG,CATTATTACTTTTGGTACGCG#GTGTCCAGGGGTGATTGTGC#(((.(((((((((((.((((.#))))))))))))))).))).,5000,5020,1.0,-19.0,0,6.200392e-05,0.471,0.7574121818181819,2.072016884875,-7.202645801464468,18,20,15,3UTR,,0,0
hsa-miR-126-5p,NM_017629,AGO4,CATTATTACTTTTGGTACGCG#TGTGCCAAAAGTT#.......((((((((((((..#)))))))))))).,7039,7052,1.0,-15.4,0,0.005787407,0.691,3.530420166666667,2.636727928750001,-17.110244939514768,12,13,12,3UTR,,0,0
hsa-miR-126-5p,NM_018221,MOB1A,CATTATTACTTTTGGTACGCG#TGTGTATCAGAAGTAATT#....(((((((((((((((((#))))))))))))))))).,1567,1585,1.0,-19.6,0,0.01926995,0.691,-0.16558505294117642,-0.28770832625,-9.546562468637928,17,18,17,3UTR,,0,0
hsa-miR-126-5p,NM_001191009,SRSF10,CATTATTACTTTTGGTACGCG#GCGACCAAAGGGTGGGTGG#((((....((((((((.(((.#)))))))))))...)))).,603,622,1.0,-17.8,0,0.0002299953,0.5,5.905818749999999,4.73279875375,-13.814891846259133,15,19,11,3UTR,,0,0
hsa-miR-126-5p,NM_001195044,YAP1,CATTATTACTTTTGGTACGCG#TGTGTCTACAGGAGTAATAATGG#((((((((((((((..(((((#)))))...)))))))))))))).,3505,3528,1.0,-19.6,1,0.0224417,0.691,2.536321071428571,2.9704259312500003,-4.906073086755913,19,23,14,3UTR,,0,0
hsa-miR-126-5p,NM_001195045,YAP1,CATTATTACTTTTGGTACGCG#TGTGTCTACAGGAGTAATAATGG#((((((((((((((..(((((#)))))...)))))))))))))).,3128,3151,1.0,-19.6,1,0.0224417,0.691,2.536321071428571,2.9704259312500003,-4.906073086755913,19,23,14,3UTR,,0,0
hsa-miR-126-5p,NM_001199140,AMMECR1L,CATTATTACTTTTGGTACGCG#TGCGTACCAAGAGTT#.......((((((((((((((#)))))))))))))).,1712,1727,1.0,-20.8,0,0.06479549,0.618,0.17761302857142858,0.36775242875000014,-17.110244939514768,14,15,14,3UTR,,0,1
hsa-miR-126-5p,NM_001199706,KIAA0895,CATTATTACTTTTGGTACGCG#GTGAACCAAAAGTAGTT#....((((((((((((.(((.#))).)))))))))))).,3901,3918,1.0,-18.2,0,0.03209377,0.721,1.4063594833333335,1.2034418650000003,-9.546562468637928,15,17,12,3UTR,,0,0
hsa-miR-126-5p,NM_001199708,KIAA0895,CATTATTACTTTTGGTACGCG#GTGAACCAAAAGTAGTT#....((((((((((((.(((.#))).)))))))))))).,3706,3723,1.0,-18.2,0,0.03209377,0.721,1.3629087000000002,1.5136848912500003,-9.546562468637928,15,17,12,3UTR,,0,0
hsa-miR-126-5p,NM_001199918,PGM3,CATTATTACTTTTGGTACGCG#TGTGTGCCAAAAGG#........(((((((((((((#))))))))))))).,4677,4691,1.0,-18.2,0,0.0003341828,0.574,0.0,0.0,-19.423879868695398,13,14,13,3UTR,MIRT547145,0,0
hsa-miR-126-5p,NM_001278546,NR6A1,CATTATTACTTTTGGTACGCG#CGGGTACCAGCAGAGTGATGATT#.(((((((((((((((((.((#)).)))))))..)))))))))).,3376,3399,1.0,-20.9,1,0.003347043,0.559,0.19317143052631577,1.0773728542499998,-3.793324837357118,19,23,10,3UTR,,0,0
hsa-miR-126-5p,NM_001282098,YAP1,CATTATTACTTTTGGTACGCG#TGTGTCTACAGGAGTAATAATGG#((((((((((((((..(((((#)))))...)))))))))))))).,3403,3426,1.0,-19.6,1,0.0224417,0.691,2.536321071428571,2.9704259312500003,-4.906073086755913,19,23,14,3UTR,,0,0
hsa-miR-126-5p,NM_001282185,ETF1,CATTATTACTTTTGGTACGCG#GCGTGCCCAGGGTGGTGAC#..((((((((((.(((((((.#))))))).)))))))))).,2685,2704,1.0,-21.9,1,7.722458e-06,0.485,0.0,0.0,-6.246131332038532,17,19,10,3UTR,,0,0
hsa-miR-126-5p,NM_001286157,DYNC1LI2,CATTATTACTTTTGGTACGCG#ACCAGAAGGAGTAATGA#((((((..((((((((.....#))))))))..)))))).,1701,1718,1.0,-16.4,0,0.03719092,0.544,0.703975875,1.00777978125,-7.794895910253615,14,17,8,3UTR,,0,0
hsa-miR-126-5p,NM_001286839,FARP1,CATTATTACTTTTGGTACGCG#GTGTACCAAAAGG#........((((((((((((.#)))))))))))).,7563,7576,1.0,-19.0,0,0.0007852862,0.544,1.4861666666666666,1.8553000000000004,-19.423879868695398,12,13,12,3UTR,,0,1
hsa-miR-126-5p,NM_019046,ANKRD16,CATTATTACTTTTGGTACGCG#GTGTACCAGTGGTGAA#.....(((((.(((((((((.#))))))))).))))).,1799,1815,1.0,-18.5,0,0.003059574,0.5,2.901826666666667,3.4158030349999997,-16.49037411886075,14,16,9,3UTR,,0,0
hsa-miR-126-5p,NM_020150,SAR1A,CATTATTACTTTTGGTACGCG#TGCCACCAGGAGGGGGAAAAAGGCTGGGGTACTAGAAGTAATAG#...(((((((((((((((.(.#.).))))))))))))))).,3125,3169,1.0,-20.7,0,0.0003770737,0.574,0.8936531819333333,0.70257788125,-6.514540193678739,16,19,15,3UTR,,0,0
hsa-miR-126-5p,NM_020205,OTUD7B,CATTATTACTTTTGGTACGCG#GTGGTCTAGGGGTGAATATGG#(((..((((((((((..(((.#)))..))))))))))..))).,5644,5665,1.0,-16.3,0,0.02484115,0.574,1.4696194,0.47136047875,-11.321682976276941,16,21,10,3UTR,,0,0
hsa-miR-126-5p,NM_020422,LDAF1,CATTATTACTTTTGGTACGCG#TGTGGCCAAGAGTAT#......((((((((((.((((#)))))))))))))).,1288,1303,1.0,-15.0,0,0.006380794,0.662,0.62344852,0.1795496925,-15.566558404643448,14,15,14,3UTR,,0,0
hsa-miR-126-5p,NM_020947,MEAK7,CATTATTACTTTTGGTACGCG#TGTGTGCCTTGCTGTGATGGTGT#(((((((((....((((((((#)))))))).....))))))))).,4818,4841,1.0,-19.1,1,0.002831736,0.618,0.9207397777777777,0.7205310475000002,-12.640789312202793,17,23,9,3UTR,,0,0
hsa-miR-126-5p,NM_021218,INIP,CATTATTACTTTTGGTACGCG#GCGAGCCAGAATGCAGTAGTGG#(((((((.((((((((.(((.#))).))))))).).))))))).,2948,2970,1.0,-18.3,1,0.0005574271,0.485,0.7148184444444445,0.43428557875000007,-6.251209375382295,18,22,7,3UTR,,0,0
hsa-miR-126-5p,NM_021961,TEAD1,CATTATTACTTTTGGTACGCG#TGTACTAATGTGATGATGG#(((((((((..((((((((..#)))))))).))))))))).,2684,2703,1.0,-17.2,1,0.07875658,0.794,2.576045111111111,3.3678174374999994,-8.004855389940193,17,19,9,3UTR,,0,1
hsa-miR-126-5p,NM_022143,LRRC4,CATTATTACTTTTGGTACGCG#GCACCATGAATTTGTACTGTGCCAAAATGATAGTGG#((((((((.((((((((((..#.)))))))))))))))))).,3086,3122,1.0,-18.7,1,0.000180815,0.632,5.2860502276,4.945066978449999,-4.993964104447428,18,20,18,3UTR,,0,0
hsa-miR-126-5p,NM_022912,REEP1,CATTATTACTTTTGGTACGCG#GTGTACATGTAGTGGTGT#(((((((((.....((((((.#))))))..))))))))).,3220,3238,1.0,-15.8,1,0.007616205,0.618,2.195017111111111,2.5304063549999998,-13.4976292297232,15,18,9,3UTR,,0,0
hsa-miR-126-5p,NM_024813,RPAP2,CATTATTACTTTTGGTACGCG#GTGTACCTGAAAGTGATGGG#..((((((((((((((((((.#))))))).))))))))))).,4764,4784,1.0,-20.5,1,0.009636286,0.603,-0.0980994210526316,0.14101461249999997,-4.95700071937229,18,20,11,3UTR,,0,0
hsa-miR-126-5p,NM_025109,MYO19,CATTATTACTTTTGGTACGCG#CGTTTATGATGTCTATCAACTGTACCAAAAGTAAA#.....((((((((((((((..#.)))))))))))))).,3282,3317,1.0,-18.1,0,0.163031,0.755,-0.17020597857142855,0.4475681674999999,-13.6655996434504,14,16,14,3UTR,,0,0
hsa-miR-126-5p,NM_031445,AMMECR1L,CATTATTACTTTTGGTACGCG#TGCGTACCAAGAGTT#.......((((((((((((((#)))))))))))))).,1668,1683,1.0,-20.8,0,0.06479549,0.618,0.5190359857142859,0.5542023262499998,-17.110244939514768,14,15,14,3UTR,,0,1
hsa-miR-126-5p,NM_001142648,SAR1A,CATTATTACTTTTGGTACGCG#TGCCACCAGGAGGGGGAAAAAGGCTGGGGTACTAGAAGTAATAG#...(((((((((((((((.(.#.).))))))))))))))).,3195,3239,1.0,-20.7,0,0.0003770737,0.574,2.224479273333333,0.8053256016124999,-6.514540193678739,16,19,15,3UTR,,0,0
hsa-miR-126-5p,NM_001163735,MYO19,CATTATTACTTTTGGTACGCG#CGTTTATGATGTCTATCAACTGTACCAAAAGTAAA#.....((((((((((((((..#.)))))))))))))).,3882,3917,1.0,-18.1,0,0.163031,0.755,-0.17020597857142855,0.4475681674999999,-13.6655996434504,14,16,14,3UTR,,0,0
hsa-miR-126-5p,NM_001164213,LRCH1,CATTATTACTTTTGGTACGCG#TGGGTTACGTTAAAGAGAGCTTAGCACCAAAGGTAGATAATGA#((((((((((((((((..((.#.))))))))))).))))))).,3346,3389,1.0,-17.8,1,0.07529424,0.632,0.7059163705882353,1.6438222581249997,-3.937574446201665,18,21,11,3UTR,,0,1
hsa-miR-126-5p,NM_001164730,REEP1,CATTATTACTTTTGGTACGCG#GTGTACATGTAGTGGTGT#(((((((((.....((((((.#))))))..))))))))).,3132,3150,1.0,-15.8,1,0.007616205,0.618,3.309628111111111,2.6433273275,-13.4976292297232,15,18,9,3UTR,,0,0
hsa-miR-126-5p,NM_001164731,REEP1,CATTATTACTTTTGGTACGCG#GTGTACATGTAGTGGTGT#(((((((((.....((((((.#))))))..))))))))).,3147,3165,1.0,-15.8,1,0.007616205,0.618,1.827311222222222,2.4654106799999997,-13.4976292297232,15,18,9,3UTR,,0,0
hsa-miR-126-5p,NM_001166306,TMEM44,CATTATTACTTTTGGTACGCG#GCACACCTGAGTGATGATGA#(((((((((((..(((..((.#))..))).))))))))))).,1463,1483,1.0,-17.5,1,0.004173637,0.471,0.7658085454545455,1.3485273,-8.573508368464264,16,20,11,3UTR,,0,0
hsa-miR-126-5p,NM_001171197,ELAVL2,CATTATTACTTTTGGTACGCG#CGCGTGCTAAAGTGAA#.....((((.(((((((((((#))))))))))))))).,3110,3126,1.0,-17.8,0,0.002967605,0.559,4.855716190909091,5.995952661250001,-14.90810611177858,15,16,15,3UTR,,0,1
hsa-miR-126-5p,NM_001173467,SP7,CATTATTACTTTTGGTACGCG#TGCCCCCAGGCCTGTATATTTAACCCCTATGTACCAGGAGTAATGAA#..(((((((((((((((((..#.))))))))))))))))).,2158,2205,1.0,-21.1,1,0.0009124985,0.691,2.2867002941176473,1.4978023925000001,-4.95700071937229,17,19,17,3UTR,,0,0
hsa-miR-126-5p,NM_005670,EPM2A,CATTATTACTTTTGGTACGCG#CTAAAAATAACTAGAGGTAATAATT#.(((((((((((((((.....#.))))))))))))))).,2796,2821,1.0,-15.2,1,0.04315778,0.647,4.0697962,2.82870383375,-3.793324837357118,15,17,15,3UTR,,0,0
hsa-miR-126-5p,NM_005766,FARP1,CATTATTACTTTTGGTACGCG#GTGTACCAAAAGG#........((((((((((((.#)))))))))))).,7680,7693,1.0,-19.0,0,0.0007852862,0.544,1.4861666666666666,1.8553000000000004,-19.423879868695398,12,13,12,3UTR,,0,1
hsa-miR-126-5p,NM_006106,YAP1,CATTATTACTTTTGGTACGCG#TGTGTCTACAGGAGTAATAATGG#((((((((((((((..(((((#)))))...)))))))))))))).,3391,3414,1.0,-19.6,1,0.0224417,0.691,2.536321071428571,2.9704259312500003,-4.906073086755913,19,23,14,3UTR,,0,0
hsa-miR-126-5p,NM_006141,DYNC1LI2,CATTATTACTTTTGGTACGCG#ACCAGAAGGAGTAATGA#((((((..((((((((.....#))))))))..)))))).,1932,1949,1.0,-16.4,0,0.03719092,0.544,1.923000375,0.9992092975,-7.794895910253615,14,17,8,3UTR,,0,0
hsa-miR-126-5p,NM_006252,PRKAA2,CATTATTACTTTTGGTACGCG#GCTTCTCTTTGCCAAAAGTAATGTATGT#(((((((((((((((((....#.)))))))))))))).))).,3204,3232,1.0,-17.6,1,0.01899739,0.618,1.3309298500000002,0.909902255,-3.937574446201665,17,20,14,3UTR,,0,0
hsa-miR-126-5p,NM_007214,SEC63,CATTATTACTTTTGGTACGCG#GCTCTAAAAGTGATAGTGG#(((((((((((((((...((.#)).))))))))))))))).,3194,3213,1.0,-18.9,1,0.001700618,0.647,1.12509224,1.5424605509999998,-4.1706235265052785,17,19,15,3UTR,,0,0
hsa-miR-126-5p,NM_012414,RAB3GAP2,CATTATTACTTTTGGTACGCG#TCCAAGTACGCTGAAAGTAGTAGTA#.(((((((((((((((.....#.))))))))))))))).,6026,6051,1.0,-14.8,1,0.008872976,0.618,4.817684573333334,4.670232995000001,-3.793324837357118,15,17,15,3UTR,,0,1
hsa-miR-126-5p,NM_013333,EPN1,CATTATTACTTTTGGTACGCG#GTGTGCCAAGAGA#........((((((((((((.#)))))))))))).,14731,14744,1.0,-18.6,0,0.0004442071,0.559,0.0,0.0,-19.423879868695398,12,13,12,3UTR,,0,0
hsa-miR-126-5p,NM_001489,NR6A1,CATTATTACTTTTGGTACGCG#CGGGTACCAGCAGAGTGATGATT#.(((((((((((((((((.((#)).)))))))..)))))))))).,3373,3396,1.0,-20.9,1,0.003347043,0.559,0.0,0.0,-3.793324837357118,19,23,10,3UTR,,0,0
hsa-miR-126-5p,NM_001518,GTF2I,CATTATTACTTTTGGTACGCG#GTGTACCAGAAGTT#.......(((((((((((((.#))))))))))))).,3913,3927,1.0,-19.7,0,0.004435849,0.559,0.0,0.0,-17.110244939514768,13,14,13,3UTR,,0,0
hsa-miR-126-5p,NM_001535,PRMT2,CATTATTACTTTTGGTACGCG#GCGTGCGAGCTAAGGTGGTGATGT#(((((((((((((.((((((.#)))))).)...)))))))))))).,1937,1961,1.0,-21.1,1,0.003551115,0.426,2.7006561875,2.4777600050000004,-4.794414363722071,19,24,12,3UTR,,0,0
hsa-miR-126-5p,NM_002689,POLA2,CATTATTACTTTTGGTACGCG#CGTGTCCAGAAGTAAG#.....((((((((((.(((((#))))))))))))))).,2355,2371,1.0,-18.0,0,0.01985237,0.456,0.0,0.0,-13.898648723754015,15,16,15,3UTR,,0,0
hsa-miR-126-5p,NM_003128,SPTBN1,CATTATTACTTTTGGTACGCG#GTGTACCGAGAGTGCCAGTGA#((((..((((((((((((((.#))))))))))))))..)))).,10000,10021,1.0,-22.5,0,1.709018e-06,0.515,0.0,0.0,-9.957570382207184,18,21,14,3UTR,,0,0
hsa-miR-126-5p,NM_003866,INPP4B,CATTATTACTTTTGGTACGCG#GTGTACCAAGAGA#........((((((((((((.#)))))))))))).,6685,6698,1.0,-18.6,0,0.0009183138,0.544,1.14762725,2.1193107374999998,-19.423879868695398,12,13,12,3UTR,,0,0
hsa-miR-126-5p,NM_003930,SKAP2,CATTATTACTTTTGGTACGCG#TGCGTACCAGAAGTAT#......(((((((((((((((#))))))))))))))).,1868,1884,1.0,-22.4,0,0.00225439,0.559,0.0,0.0,-15.566558404643448,15,16,15,3UTR,,0,1
hsa-miR-126-5p,NM_004412,TRDMT1,CATTATTACTTTTGGTACGCG#GGGTGCCAGAAGTAG#......((((((((((((.(.#).)))))))))))).,8696,8711,1.0,-19.8,0,0.0009981968,0.588,0.0,0.0,-15.566558404643448,13,15,12,3UTR,,0,0
hsa-miR-126-5p,NM_004432,ELAVL2,CATTATTACTTTTGGTACGCG#CGCGTGCTAAAGTGAA#.....((((.(((((((((((#))))))))))))))).,3501,3517,1.0,-17.8,0,0.002967605,0.559,2.8027015545454548,3.7302318624999997,-14.90810611177858,15,16,15,3UTR,,0,1
hsa-miR-126-5p,NM_004730,ETF1,CATTATTACTTTTGGTACGCG#GCGTGCCCAGGGTGGTGAC#..((((((((((.(((((((.#))))))).)))))))))).,2736,2755,1.0,-21.9,1,7.722458e-06,0.485,0.0,0.0,-6.246131332038532,17,19,10,3UTR,,0,0
hsa-miR-126-5p,NM_206962,PRMT2,CATTATTACTTTTGGTACGCG#GCGTGCGAGCTAAGGTGGTGATGT#(((((((((((((.((((((.#)))))).)...)))))))))))).,2046,2070,1.0,-21.1,1,0.003551115,0.426,0.17275396875000001,0.05682397500000014,-4.794414363722071,19,24,12,3UTR,,0,0
hsa-miR-126-5p,XM_005251917,NR6A1,CATTATTACTTTTGGTACGCG#CGGGTACCAGCAGAGTGATGATT#.(((((((((((((((((.((#)).)))))))..)))))))))).,3385,3408,1.0,-20.9,1,0.003347043,0.559,0.0,0.0,-3.793324837357118,19,23,10,3UTR,,0,0
hsa-miR-126-5p,XM_005263804,AMMECR1L,CATTATTACTTTTGGTACGCG#TGCGTACCAAGAGTT#.......((((((((((((((#)))))))))))))).,1847,1862,1.0,-20.8,0,0.06479549,0.618,0.0,0.0,-17.110244939514768,14,15,14,3UTR,,0,1
hsa-miR-126-5p,XM_005263807,AMMECR1L,CATTATTACTTTTGGTACGCG#TGCGTACCAAGAGTT#.......((((((((((((((#)))))))))))))).,1601,1616,1.0,-20.8,0,0.06479549,0.618,0.0,0.0,-17.110244939514768,14,15,14,3UTR,,0,1
hsa-miR-126-5p,XM_011521046,FARP1,CATTATTACTTTTGGTACGCG#GTGTACCAAAAGG#........((((((((((((.#)))))))))))).,7773,7786,1.0,-19.0,0,0.0007852862,0.544,0.0,0.0,-19.423879868695398,12,13,12,3UTR,,0,1
hsa-miR-126-5p,XM_017007940,ADGRL3,CATTATTACTTTTGGTACGCG#CGGCCAAATGTGGTGATGC#(((((((((.((((((.((..#)))))))).))))))))).,4753,4772,1.0,-16.3,1,0.0001309858,0.471,0.0,0.0,-5.180080914529843,17,19,9,3UTR,,0,0
hsa-miR-126-5p,XM_017007941,ADGRL3,CATTATTACTTTTGGTACGCG#CGGCCAAATGTGGTGATGC#(((((((((.((((((.((..#)))))))).))))))))).,4726,4745,1.0,-16.3,1,0.0001309858,0.471,0.0,0.0,-5.180080914529843,17,19,9,3UTR,,0,0
hsa-miR-126-5p,NM_001099666,PTAR1,CATTATTACTTTTGGTACGCG#GCGTCTTAAGAGTGGTAATGG#(((((((((((((((.((((.#)))).))))))))))))))).,8075,8096,1.0,-21.9,1,0.05900204,0.676,0.3492831026666666,0.5754645745,-4.1706235265052785,19,21,15,3UTR,,0,0
hsa-miR-126-5p,NM_001101669,INPP4B,CATTATTACTTTTGGTACGCG#GTGTACCAAGAGA#........((((((((((((.#)))))))))))).,6352,6365,1.0,-18.6,0,0.0009183138,0.544,0.0,0.0,-19.423879868695398,12,13,12,3UTR,,0,0
hsa-miR-126-5p,NM_001114091,CDC27,CATTATTACTTTTGGTACGCG#GCAGGAATTTATGTGCCAGAGGTGAG#.....((((((((((((((..#.)))))))))))))).,4579,4605,1.0,-17.9,0,0.001448422,0.618,4.748571428571429,5.831790003749999,-13.6655996434504,14,16,14,3UTR,,0,0
hsa-miR-126-5p,NM_001130071,EPN1,CATTATTACTTTTGGTACGCG#GTGTGCCAAGAGA#........((((((((((((.#)))))))))))).,15299,15312,1.0,-18.6,0,0.0004442071,0.559,0.0,0.0,-19.423879868695398,12,13,12,3UTR,,0,0
hsa-miR-126-5p,NM_001130072,EPN1,CATTATTACTTTTGGTACGCG#GTGTGCCAAGAGA#........((((((((((((.#)))))))))))).,14809,14822,1.0,-18.6,0,0.0004442071,0.559,-0.3717817175,0.17202623699999997,-19.423879868695398,12,13,12,3UTR,,0,0
hsa-miR-126-5p,NM_001130145,YAP1,CATTATTACTTTTGGTACGCG#TGTGTCTACAGGAGTAATAATGG#((((((((((((((..(((((#)))))...)))))))))))))).,3553,3576,1.0,-19.6,1,0.0224417,0.691,2.536321071428571,2.9704259312500003,-4.906073086755913,19,23,14,3UTR,,0,0
hsa-miR-126-5p,NM_001134672,FAM204A,CATTATTACTTTTGGTACGCG#GTCCTCATGTTTCCTAGTGCCAAAAATAATAATGT#((((((((.(((((((((...#.))))))))).)))))))).,12896,12931,1.0,-18.5,1,0.1603066,0.647,-0.0014156444444444378,1.8749852675000005,-4.993964104447428,17,20,9,3UTR,,0,0
hsa-miR-126-5p,NM_032458,PHF6,CATTATTACTTTTGGTACGCG#GTGCCGGGGGTAATCATGG#(((.((((((((((((((...#)))))))))))))).))).,3484,3503,1.0,-19.7,0,0.0003604558,0.632,3.2472715,2.0021232762500007,-6.969596721160855,17,19,14,3UTR,,0,0
hsa-miR-126-5p,NM_032999,GTF2I,CATTATTACTTTTGGTACGCG#GTGTACCAGAAGTT#.......(((((((((((((.#))))))))))))).,4036,4050,1.0,-19.7,0,0.004435849,0.559,0.4558663846153846,0.1031694575,-17.110244939514768,13,14,13,3UTR,,0,0
hsa-miR-126-5p,NM_033000,GTF2I,CATTATTACTTTTGGTACGCG#GTGTACCAGAAGTT#.......(((((((((((((.#))))))))))))).,3976,3990,1.0,-19.7,0,0.004435849,0.559,0.4558663846153846,0.1031694575,-17.110244939514768,13,14,13,3UTR,,0,0
hsa-miR-126-5p,NM_033001,GTF2I,CATTATTACTTTTGGTACGCG#GTGTACCAGAAGTT#.......(((((((((((((.#))))))))))))).,3973,3987,1.0,-19.7,0,0.004435849,0.559,0.4558663846153846,0.1031694575,-17.110244939514768,13,14,13,3UTR,,0,0
hsa-miR-126-5p,NM_033334,NR6A1,CATTATTACTTTTGGTACGCG#CGGGTACCAGCAGAGTGATGATT#.(((((((((((((((((.((#)).)))))))..)))))))))).,3388,3411,1.0,-20.9,1,0.003347043,0.559,0.284722852631579,1.0267411052499997,-3.793324837357118,19,23,10,3UTR,,0,0
hsa-miR-126-5p,NM_053025,MYLK,CATTATTACTTTTGGTACGCG#TGTGACCAGAAGTGATGTATGT#((((((((((((((((.((((#))))))))))))))))).))).,9618,9640,1.0,-19.7,1,0.08356627,0.5,3.3568772352941174,2.586234515,-3.937574446201665,20,22,17,3UTR,,0,0
hsa-miR-126-5p,NM_053026,MYLK,CATTATTACTTTTGGTACGCG#TGTGACCAGAAGTGATGTATGT#((((((((((((((((.((((#))))))))))))))))).))).,9411,9433,1.0,-19.7,1,0.08356627,0.5,3.3568772352941174,2.586234515,-3.937574446201665,20,22,17,3UTR,,0,0
hsa-miR-126-5p,NM_053027,MYLK,CATTATTACTTTTGGTACGCG#TGTGACCAGAAGTGATGTATGT#((((((((((((((((.((((#))))))))))))))))).))).,9465,9487,1.0,-19.7,1,0.08356627,0.5,3.3568772352941174,2.586234515,-3.937574446201665,20,22,17,3UTR,,0,0
hsa-miR-126-5p,NM_053028,MYLK,CATTATTACTTTTGGTACGCG#TGTGACCAGAAGTGATGTATGT#((((((((((((((((.((((#))))))))))))))))).))).,9258,9280,1.0,-19.7,1,0.08356627,0.5,3.3568772352941174,2.586234515,-3.937574446201665,20,22,17,3UTR,,0,0
hsa-miR-126-5p,NM_080668,CDCA5,CATTATTACTTTTGGTACGCG#CGCGTACCAGACAGC#........(((((((((((((#))))))))))).)).,1814,1829,1.0,-17.4,0,0.00390232,0.515,0.42107829,0.796519576125,-19.423879868695398,13,15,11,3UTR,,0,0
hsa-miR-126-5p,NM_138735,NRXN1,CATTATTACTTTTGGTACGCG#GCAGGAAGGAAGAGGGTTGTGCCAAGGTATTGATGA#(((((.(((.(((((((((..#.)))))))))))).))))).,3512,3548,1.0,-17.3,0,0.01002447,0.559,4.493524333333333,5.786661487499998,-7.08103967572289,17,20,12,3UTR,,0,1
hsa-miR-126-5p,NM_144628,TBC1D20,CATTATTACTTTTGGTACGCG#GCAAAGGAAATTCTTCCAGAGGTGATGATGC#(((((((((((((((......#.))))))))))))))).,3220,3251,1.0,-18.1,1,0.004272723,0.5,3.993370066666666,3.1262756225000006,-4.1706235265052785,15,17,15,3UTR,,0,1
hsa-miR-126-5p,NM_152374,C1orf216,CATTATTACTTTTGGTACGCG#TGTGTGGAGAACTGGTATCAGGAAAGGGAACCAGGAGTAGTGATGA#((((((((((((((((.(.(.#.).).)))))))))))))))).,1695,1741,1.0,-22.5,1,0.001687689,0.485,0.6388817312500001,0.2991334825,-3.937574446201665,18,22,16,3UTR,,0,0
hsa-miR-126-5p,NM_152376,UBXN10,CATTATTACTTTTGGTACGCG#GTGACCAGAGAGAGGTGATGGTGG#((((((((((((((((.(((.#)))))))))....)))))))))).,4936,4960,1.0,-19.0,1,0.01125497,0.412,-0.2514252265,-0.19692331400000004,-3.937574446201665,19,24,10,3UTR,,0,0
hsa-miR-126-5p,NM_001300837,SP7,CATTATTACTTTTGGTACGCG#TGCCCCCAGGCCTGTATATTTAACCCCTATGTACCAGGAGTAATGAA#..(((((((((((((((((..#.))))))))))))))))).,2225,2272,1.0,-21.1,1,0.0009124985,0.691,1.8203792941176473,2.1091890849999997,-4.95700071937229,17,19,17,3UTR,,0,0
hsa-miR-126-5p,NM_001301775,LDAF1,CATTATTACTTTTGGTACGCG#TGTGGCCAAGAGTAT#......((((((((((.((((#)))))))))))))).,1253,1268,1.0,-15.0,0,0.006380794,0.662,0.62344852,0.1795496925,-15.566558404643448,14,15,14,3UTR,,0,0
hsa-miR-126-5p,NM_001304964,GLIPR1L1,CATTATTACTTTTGGTACGCG#TGTGTATCAAAAGTGT#......(((((((((((((((#))))))))))))))).,1008,1024,1.0,-17.3,0,0.03632064,0.75,0.19487238000000004,0.03179448750000002,-15.566558404643448,15,16,15,3UTR,,0,0
hsa-miR-126-5p,NM_001319216,CYP1A1,CATTATTACTTTTGGTACGCG#GCTGCCAAGAGTGAA#.....((((((((((((.((.#)))))))))))))).,1998,2013,1.0,-17.9,0,0.002880805,0.485,3.4590646083333336,2.2835554425,-13.6655996434504,14,15,14,3UTR,,0,0
hsa-miR-126-5p,NM_001319217,CYP1A1,CATTATTACTTTTGGTACGCG#GCTGCCAAGAGTGAA#.....((((((((((((.((.#)))))))))))))).,2085,2100,1.0,-17.9,0,0.002880805,0.485,3.4590646083333336,2.2835554425,-13.6655996434504,14,15,14,3UTR,,0,0
hsa-miR-126-5p,NM_001320156,NRXN1,CATTATTACTTTTGGTACGCG#GCAGGAAGGAAGAGGGTTGTGCCAAGGTATTGATGA#(((((.(((.(((((((((..#.)))))))))))).))))).,1920,1956,1.0,-17.3,0,0.01002447,0.559,1.3266867777777778,0.9973184987499998,-7.08103967572289,17,20,12,3UTR,,0,1
hsa-miR-126-5p,NM_001320157,NRXN1,CATTATTACTTTTGGTACGCG#GCAGGAAGGAAGAGGGTTGTGCCAAGGTATTGATGA#(((((.(((.(((((((((..#.)))))))))))).))))).,1911,1947,1.0,-17.3,0,0.01002447,0.559,0.784259111111111,1.01726846375,-7.08103967572289,17,20,12,3UTR,,0,1
hsa-miR-126-5p,NM_000574,CD55,CATTATTACTTTTGGTACGCG#GTGAACCAGGGGTGTTGATGG#(((((.((((((((((.(((.#))).)))))))))).))))).,1771,1792,1.0,-20.4,0,0.002094241,0.588,0.0,0.0,-5.838533207394711,18,21,10,3UTR,,0,0
hsa-miR-126-5p,NM_000911,OPRD1,CATTATTACTTTTGGTACGCG#CGGAGTGGACCTCCGTGCCAAGGGGTGGTGGTGG#(((((((((((((((((((..#.))))))))))).)))))))).,2602,2636,1.0,-21.8,1,0.01053519,0.324,0.0,0.0,-3.937574446201665,19,22,11,3UTR,,0,0
hsa-miR-126-5p,NM_001013619,HYKK,CATTATTACTTTTGGTACGCG#TGCGTGCTAGAAGAAGGGATGG#((((....(((((((((((((#)))))))))))))....)))).,2179,2201,1.0,-19.9,0,0.01327928,0.618,0.0,0.0,-13.814891846259133,17,22,13,3UTR,,0,0
